<?xml version="1.0" standalone="yes"?>

<!-- Generated by BEAUTi v1.10.4 Prerelease #bc6cbd9                         -->
<!--       by Alexei J. Drummond, Andrew Rambaut and Marc A. Suchard         -->
<!--       Department of Computer Science, University of Auckland and        -->
<!--       Institute of Evolutionary Biology, University of Edinburgh        -->
<!--       David Geffen School of Medicine, University of California, Los Angeles-->
<!--       http://beast.community/                                           -->
<beast version="1.10.4">
	

	<!-- The list of taxa to be analysed (can also include dates/ages).          -->
	<!-- ntax=185                                                                -->
	<taxa id="taxa">

		<taxon id="unpub|MPXV|TRM288|Nigeria|AkwaIbom|2022-09-28">
			<date value="2022.7411" direction="forwards" units="years" uncertainty="1.0"/>
			<attr name="State">
				Akwa-Ibom
			</attr>
			<attr name="Region">
				S
			</attr>
		</taxon>


		<taxon id="unpub|MPXV|TRM319|Nigeria|AkwaIbom|2022-09-27">
			<date value="2022.7411" direction="forwards" units="years" uncertainty="1.0"/>
			<attr name="State">
				Akwa-Ibom
			</attr>
			<attr name="Region">
				S
			</attr>
		</taxon>


		<taxon id="unpub|MPXV|VSP199|Nigeria|AkwaIbom|2022-01-01">
			<date value="2022.0014" direction="forwards" units="years" uncertainty="1.0"/>
			<attr name="State">
				Akwa-Ibom
			</attr>
			<attr name="Region">
				S
			</attr>
		</taxon>


		<taxon id="KJ642615|MPXV|Nigeria|Oyo|1978">
			<date value="1978" direction="forwards" units="years" uncertainty="1.0"/>
			<attr name="State">
				oyo
			</attr>
			<attr name="Region">
				SW
			</attr>
		</taxon>


		<taxon id="KJ642617|MPXV|Nigeria|Abia|1971-04-14">
			<date value="1971.2855" direction="forwards" units="years" uncertainty="1.0"/>
			<attr name="State">
				abia
			</attr>
			<attr name="Region">
				SE
			</attr>
		</taxon>



		<taxon id="unpub|MPXV|TRM054|Cameroon|North-West|2022-11-11">
			<date value="2022.862" direction="forwards" units="years"/>
			<attr name="State">
				cameroon
			</attr>
			<attr name="Region">
				cameroon
			</attr>
		</taxon>
		<taxon id="unpub|MPXV|TRM055|Cameroon|North-West|2018-05-10">
			<date value="2018.3566" direction="forwards" units="years"/>
			<attr name="State">
				cameroon
			</attr>
			<attr name="Region">
				cameroon
			</attr>
		</taxon>
		<taxon id="unpub|MPXV|TRM057|Cameroon|South-West|2022-10-13">
			<date value="2022.7828" direction="forwards" units="years"/>
			<attr name="State">
				cameroon
			</attr>
			<attr name="Region">
				cameroon
			</attr>
		</taxon>
		<taxon id="unpub|MPXV|TRM061|Cameroon|South-West|2022-10-27">
			<date value="2022.8205" direction="forwards" units="years"/>
			<attr name="State">
				cameroon
			</attr>
			<attr name="Region">
				cameroon
			</attr>
		</taxon>
		<taxon id="unpub|MPXV|TRM063|Cameroon|North-West|2022-11-08">
			<date value="2022.8534" direction="forwards" units="years"/>
			<attr name="State">
				cameroon
			</attr>
			<attr name="Region">
				cameroon
			</attr>
		</taxon>
		<taxon id="unpub|MPXV|TRM064|Cameroon|South-West|2022-10-06">
			<date value="2022.7685" direction="forwards" units="years"/>
			<attr name="State">
				cameroon
			</attr>
			<attr name="Region">
				cameroon
			</attr>
		</taxon>
		<taxon id="unpub|MPXV|TRM066|Cameroon|North-West|2022-02-16">
			<date value="2022.1274" direction="forwards" units="years"/>
			<attr name="State">
				cameroon
			</attr>
			<attr name="Region">
				cameroon
			</attr>
		</taxon>
		<taxon id="unpub|MPXV|TRM072|Cameroon|Centre|2021-07-22">
			<date value="2021.5548" direction="forwards" units="years"/>
			<attr name="State">
				cameroon
			</attr>
			<attr name="Region">
				cameroon
			</attr>
		</taxon>
		<taxon id="unpub|MPXV|TRM073|Cameroon|2022">
			<date value="2022" direction="forwards" units="years"/>
			<attr name="State">
				cameroon
			</attr>
			<attr name="Region">
				cameroon
			</attr>
		</taxon>
		<taxon id="unpub|MPXV|TRM074|Cameroon|2022">
			<date value="2022" direction="forwards" units="years"/>
			<attr name="State">
				cameroon
			</attr>
			<attr name="Region">
				cameroon
			</attr>
		</taxon>

		<taxon id="unpub|MPXV|VSP191|Nigeria|Abia|2022-12-30">
			<date value="2022.9959" direction="forwards" units="years"/>
			<attr name="State">
				abia
			</attr>
			<attr name="Region">
				SE
			</attr>
		</taxon>
		<taxon id="unpub|MPXV|VSP189|Nigeria|Abia|2023-01-01">
			<date value="2023.0014" direction="forwards" units="years"/>
			<attr name="State">
				abia
			</attr>
			<attr name="Region">
				SE
			</attr>
		</taxon>





		<taxon id="MK783027|MPXV|Nigeria|Rivers|2017-11-09">
			<date value="2017.854794520548" direction="forwards" units="years"/>
			<attr name="State">
				rivers
			</attr>
			<attr name="Region">
				S
			</attr>
		</taxon>






		<taxon id="MK783028|MPXV|Nigeria|Rivers|2017-11-09">
			<date value="2017.854794520548" direction="forwards" units="years"/>
			<attr name="State">
				rivers
			</attr>
			<attr name="Region">
				S
			</attr>
		</taxon>
		<taxon id="MK783029|MPXV|Nigeria|Rivers|2017-12-06">
			<date value="2017.9287671232876" direction="forwards" units="years"/>
			<attr name="State">
				rivers
			</attr>
			<attr name="Region">
				S
			</attr>
		</taxon>
		<taxon id="MK783031|MPXV|Nigeria|Rivers|2017-11-09">
			<date value="2017.854794520548" direction="forwards" units="years"/>
			<attr name="State">
				rivers
			</attr>
			<attr name="Region">
				S
			</attr>
		</taxon>
		<taxon id="MK783030|MPXV|Nigeria|Rivers|2017-11-30">
			<date value="2017.9123287671232" direction="forwards" units="years"/>
			<attr name="State">
				rivers
			</attr>
			<attr name="Region">
				S
			</attr>
		</taxon>
		<taxon id="MK783032|MPXV|Nigeria|Rivers|2017-11-01">
			<date value="2017.8328767123287" direction="forwards" units="years"/>
			<attr name="State">
				rivers
			</attr>
			<attr name="Region">
				S
			</attr>
		</taxon>
		<taxon id="MK783033|MPXV|Nigeria|Rivers|2017-10-09">
			<date value="2017.7698630136986" direction="forwards" units="years"/>
			<attr name="State">
				rivers
			</attr>
			<attr name="Region">
				S
			</attr>
		</taxon>
		<taxon id="MN648051|MPXV|isarael|Israel-ex|2018-10-04">
			<date value="2018.7561643835616" direction="forwards" units="years"/>
			<attr name="State">
				bayelsa
			</attr>
			<attr name="Region">
				S
			</attr>
		</taxon>
		<taxon id="MT250197|MPXV|Singapore|Singapore-ex|2019-05-08">
			<date value="2019.3479452054794" direction="forwards" units="years"/>
			<attr name="State">
				delta
			</attr>
			<attr name="Region">
				S
			</attr>
		</taxon>
		<taxon id="MT903338|MPXV|Nigeria|Lagos|2018">
			<date value="2018.0" direction="forwards" units="years" uncertainty="1.0"/>
			<attr name="State">
				lagos
			</attr>
			<attr name="Region">
				SW
			</attr>
		</taxon>
		<taxon id="MT903339|MPXV|Nigeria|Delta|2018">
			<date value="2018.0" direction="forwards" units="years" uncertainty="1.0"/>
			<attr name="State">
				delta
			</attr>
			<attr name="Region">
				S
			</attr>
		</taxon>
		<taxon id="MT903341|MPXV|Nigeria|Bayelsa|2018-08-14">
			<date value="2018.6164383561643" direction="forwards" units="years"/>
			<attr name="State">
				bayelsa
			</attr>
			<attr name="Region">
				S
			</attr>
		</taxon>
		<taxon id="MT903343|MPXV|UK-P1|UK-ex|2018-09-07">
			<date value="2018.682191780822" direction="forwards" units="years"/>
			<attr name="State">
				bayelsa
			</attr>
			<attr name="Region">
				S
			</attr>
		</taxon>
		<taxon id="MT903344|MPXV|UK-P2|UK-ex|2018-09-07">
			<date value="2018.682191780822" direction="forwards" units="years"/>
			<attr name="State">
				delta
			</attr>
			<attr name="Region">
				S
			</attr>
		</taxon>
		<taxon id="ON563414|MPXV|USA-MA001|USA-ex|2022-05-19">
			<date value="2022.3780821917808" direction="forwards" units="years"/>
			<attr name="State">
				delta
			</attr>
			<attr name="Region">
				S
			</attr>
		</taxon>
		<taxon id="ON674051|MPXV|USA-FL001|USA-ex|2022-05-22">
			<date value="2022.386301369863" direction="forwards" units="years"/>
			<attr name="State">
				anambra
			</attr>
			<attr name="Region">
				SE
			</attr>
		</taxon>
		<taxon id="ON675438-VA001|MPXV|USA|USA-ex|2022-05-27">
			<date value="2022.4" direction="forwards" units="years"/>
			<attr name="State">
				rivers
			</attr>
			<attr name="Region">
				S
			</attr>
		</taxon>
		<taxon id="ON676707|MPXV|USA|USA-ex|2021-07-15">
			<date value="2021.5342465753424" direction="forwards" units="years"/>
			<attr name="State">
				rivers
			</attr>
			<attr name="Region">
				S
			</attr>
		</taxon>
		<taxon id="ON676708|MPXV|USA-MD|USA|2021-11-16">
			<date value="2021.8739726027397" direction="forwards" units="years"/>
			<attr name="State">
				delta
			</attr>
			<attr name="Region">
				S
			</attr>
		</taxon>
		<taxon id="OP331336-9000166|MPXV|UK|UK-ex|2022-06-29">
			<date value="2022.490410958904" direction="forwards" units="years"/>
			<attr name="State">
				lagos
			</attr>
			<attr name="Region">
				SW
			</attr>
		</taxon>
		<taxon id="OP413718-9000360|MPXV|UK|UK-ex|2022-08">
			<date value="2022.5808219178082" direction="forwards" units="years" uncertainty="0.08333333333333333"/>
			<attr name="State">
				fct
			</attr>
			<attr name="Region">
				NC
			</attr>
		</taxon>
		<taxon id="OP450997-PA0016|MPXV|USA|USA-ex|2022-07">
			<date value="2022.495890410959" direction="forwards" units="years" uncertainty="0.08333333333333333"/>
			<attr name="State">
				nasarawa
			</attr>
			<attr name="Region">
				NC
			</attr>
		</taxon>
		<taxon id="OP535312|MPXV|Nigeria|Rivers|2018-02">
			<date value="2018.0849315068492" direction="forwards" units="years" uncertainty="0.08333333333333333"/>
			<attr name="State">
				rivers
			</attr>
			<attr name="Region">
				S
			</attr>
		</taxon>
		<taxon id="OP535313|MPXV|Nigeria|Unknown|2018-01">
			<date value="2018.0" direction="forwards" units="years" uncertainty="0.08333333333333333"/>
			<attr name="State">
				rivers
			</attr>
			<attr name="Region">
				S
			</attr>
		</taxon>
		<taxon id="OP535314|MPXV|Nigeria|Rivers|2018-01">
			<date value="2018.0" direction="forwards" units="years" uncertainty="0.08333333333333333"/>
			<attr name="State">
				rivers
			</attr>
			<attr name="Region">
				S
			</attr>
		</taxon>
		<taxon id="OP535315|MPXV|Nigeria|Imo|2018-02">
			<date value="2018.0849315068492" direction="forwards" units="years" uncertainty="0.08333333333333333"/>
			<attr name="State">
				imo
			</attr>
			<attr name="Region">
				SE
			</attr>
		</taxon>
		<taxon id="OP535316|MPXV|Nigeria|Imo|2018-02">
			<date value="2018.0849315068492" direction="forwards" units="years" uncertainty="0.08333333333333333"/>
			<attr name="State">
				imo
			</attr>
			<attr name="Region">
				SE
			</attr>
		</taxon>
		<taxon id="OP535317|MPXV|Nigeria|Lagos|2018-01">
			<date value="2018.0" direction="forwards" units="years" uncertainty="0.08333333333333333"/>
			<attr name="State">
				lagos
			</attr>
			<attr name="Region">
				SW
			</attr>
		</taxon>
		<taxon id="OP535319|MPXV|Nigeria|Cross-River|2017-12">
			<date value="2017.9150684931508" direction="forwards" units="years" uncertainty="0.08333333333333333"/>
			<attr name="State">
				Cross-River
			</attr>
			<attr name="Region">
				S
			</attr>
		</taxon>
		<taxon id="OP535318|MPXV|Nigeria|Benue|2017-12">
			<date value="2017.9150684931508" direction="forwards" units="years" uncertainty="0.08333333333333333"/>
			<attr name="State">
				benue
			</attr>
			<attr name="Region">
				NC
			</attr>
		</taxon>
		<taxon id="OP535320|MPXV|Nigeria|Abia|2017-11">
			<date value="2017.8328767123287" direction="forwards" units="years" uncertainty="0.08333333333333333"/>
			<attr name="State">
				abia
			</attr>
			<attr name="Region">
				SE
			</attr>
		</taxon>
		<taxon id="OP535322|MPXV|Nigeria|Edo|2017-10">
			<date value="2017.7479452054795" direction="forwards" units="years" uncertainty="0.08333333333333333"/>
			<attr name="State">
				edo
			</attr>
			<attr name="Region">
				S
			</attr>
		</taxon>
		<taxon id="OP535323|MPXV|Nigeria|Bayelsa|2017-10">
			<date value="2017.7479452054795" direction="forwards" units="years" uncertainty="0.08333333333333333"/>
			<attr name="State">
				bayelsa
			</attr>
			<attr name="Region">
				S
			</attr>
		</taxon>
		<taxon id="OP535324|MPXV|Nigeria|Imo|2018-02">
			<date value="2018.0849315068492" direction="forwards" units="years" uncertainty="0.08333333333333333"/>
			<attr name="State">
				imo
			</attr>
			<attr name="Region">
				SE
			</attr>
		</taxon>
		<taxon id="OP535325|MPXV|Nigeria|Unknown|2018-06">
			<date value="2018.4136986301369" direction="forwards" units="years" uncertainty="0.08333333333333333"/>
			<attr name="State">
				rivers
			</attr>
			<attr name="Region">
				S
			</attr>
		</taxon>
		<taxon id="OP535326|MPXV|Nigeria|Oyo|2018-06">
			<date value="2018.4136986301369" direction="forwards" units="years" uncertainty="0.08333333333333333"/>
			<attr name="State">
				oyo
			</attr>
			<attr name="Region">
				SW
			</attr>
		</taxon>
		<taxon id="OP535327|MPXV|Nigeria|Rivers|2018-03">
			<date value="2018.1616438356164" direction="forwards" units="years" uncertainty="0.08333333333333333"/>
			<attr name="State">
				rivers
			</attr>
			<attr name="Region">
				S
			</attr>
		</taxon>
		<taxon id="OP535328|MPXV|Nigeria|Rivers|2018-03">
			<date value="2018.1616438356164" direction="forwards" units="years" uncertainty="0.08333333333333333"/>
			<attr name="State">
				rivers
			</attr>
			<attr name="Region">
				S
			</attr>
		</taxon>
		<taxon id="OP535329|MPXV|Nigeria|Rivers|2018-03">
			<date value="2018.1616438356164" direction="forwards" units="years" uncertainty="0.08333333333333333"/>
			<attr name="State">
				rivers
			</attr>
			<attr name="Region">
				S
			</attr>
		</taxon>
		<taxon id="OP535330|MPXV|Nigeria|Imo|2018-02">
			<date value="2018.0849315068492" direction="forwards" units="years" uncertainty="0.08333333333333333"/>
			<attr name="State">
				imo
			</attr>
			<attr name="Region">
				SE
			</attr>
		</taxon>
		<taxon id="OP535331|MPXV|Nigeria|Oyo|2018-01">
			<date value="2018.0" direction="forwards" units="years" uncertainty="0.08333333333333333"/>
			<attr name="State">
				oyo
			</attr>
			<attr name="Region">
				SW
			</attr>
		</taxon>
		<taxon id="OP535332|MPXV|Nigeria|Oyo|2018-01">
			<date value="2018.0" direction="forwards" units="years" uncertainty="0.08333333333333333"/>
			<attr name="State">
				oyo
			</attr>
			<attr name="Region">
				SW
			</attr>
		</taxon>
		<taxon id="OP535333|MPXV|Nigeria|Oyo|2018-01">
			<date value="2018.0" direction="forwards" units="years" uncertainty="0.08333333333333333"/>
			<attr name="State">
				oyo
			</attr>
			<attr name="Region">
				SW
			</attr>
		</taxon>
		<taxon id="OP535334|MPXV|Nigeria|Rivers|2018-02">
			<date value="2018.0849315068492" direction="forwards" units="years" uncertainty="0.08333333333333333"/>
			<attr name="State">
				rivers
			</attr>
			<attr name="Region">
				S
			</attr>
		</taxon>
		<taxon id="OP535335|MPXV|Nigeria|Bayelsa|2017-10">
			<date value="2017.7479452054795" direction="forwards" units="years" uncertainty="0.08333333333333333"/>
			<attr name="State">
				bayelsa
			</attr>
			<attr name="Region">
				S
			</attr>
		</taxon>
		<taxon id="OP535336|MPXV|Nigeria|Enugu|2017-10">
			<date value="2017.7479452054795" direction="forwards" units="years" uncertainty="0.08333333333333333"/>
			<attr name="State">
				enugu
			</attr>
			<attr name="Region">
				SE
			</attr>
		</taxon>
		<taxon id="OP535337|MPXV|Nigeria|Bayelsa|2017-10">
			<date value="2017.7479452054795" direction="forwards" units="years" uncertainty="0.08333333333333333"/>
			<attr name="State">
				bayelsa
			</attr>
			<attr name="Region">
				S
			</attr>
		</taxon>
		<taxon id="OP535338|MPXV|Nigeria|Akwa-Ibom|2017-10">
			<date value="2017.7479452054795" direction="forwards" units="years" uncertainty="0.08333333333333333"/>
			<attr name="State">
				Akwa-Ibom
			</attr>
			<attr name="Region">
				S
			</attr>
		</taxon>
		<taxon id="OP535339|MPXV|Nigeria|Enugu|2017-10">
			<date value="2017.7479452054795" direction="forwards" units="years" uncertainty="0.08333333333333333"/>
			<attr name="State">
				enugu
			</attr>
			<attr name="Region">
				SE
			</attr>
		</taxon>
		<taxon id="OP535340|MPXV|Nigeria|Akwa-Ibom|2017-10">
			<date value="2017.7479452054795" direction="forwards" units="years" uncertainty="0.08333333333333333"/>
			<attr name="State">
				Akwa-Ibom
			</attr>
			<attr name="Region">
				S
			</attr>
		</taxon>
		<taxon id="OP535341|MPXV|Nigeria|Bayelsa|2017-10">
			<date value="2017.7479452054795" direction="forwards" units="years" uncertainty="0.08333333333333333"/>
			<attr name="State">
				bayelsa
			</attr>
			<attr name="Region">
				S
			</attr>
		</taxon>
		<taxon id="OP555515-PT0428|MPXV|Portugal|Portugal-ex|2022-08-01">
			<date value="2022.5808219178082" direction="forwards" units="years"/>
			<attr name="State">
				delta
			</attr>
			<attr name="Region">
				S
			</attr>
		</taxon>
		<taxon id="OP597769|MOH-NRC-0002|Egypt|2022-09-26">
			<date value="2022.7342465753425" direction="forwards" units="years"/>
			<attr name="State">
				anambra
			</attr>
			<attr name="Region">
				SE
			</attr>
		</taxon>
		<taxon id="OP605572|MPXV-30|Slovenia|2022-07">
			<date value="2022.495890410959" direction="forwards" units="years" uncertainty="0.08333333333333333"/>
			<attr name="State">
				anambra
			</attr>
			<attr name="Region">
				SE
			</attr>
		</taxon>
		<taxon id="OP612674|MPXV|Nigeria|Bayelsa|2019-01-12">
			<date value="2019.0301369863014" direction="forwards" units="years"/>
			<attr name="State">
				bayelsa
			</attr>
			<attr name="Region">
				S
			</attr>
		</taxon>
		<taxon id="OP612675|MPXV|Nigeria|Bayelsa|2019-01-30">
			<date value="2019.0794520547945" direction="forwards" units="years"/>
			<attr name="State">
				bayelsa
			</attr>
			<attr name="Region">
				S
			</attr>
		</taxon>
		<taxon id="OP612676|MPXV|Nigeria|Bayelsa|2019-02-20">
			<date value="2019.13698630137" direction="forwards" units="years"/>
			<attr name="State">
				bayelsa
			</attr>
			<attr name="Region">
				S
			</attr>
		</taxon>
		<taxon id="OP612677|MPXV|Nigeria|Rivers|2019-03-12">
			<date value="2019.1917808219177" direction="forwards" units="years"/>
			<attr name="State">
				rivers
			</attr>
			<attr name="Region">
				S
			</attr>
		</taxon>
		<taxon id="OP612678|MPXV|Nigeria|Rivers|2019-11-02">
			<date value="2019.835616438356" direction="forwards" units="years"/>
			<attr name="State">
				rivers
			</attr>
			<attr name="Region">
				S
			</attr>
		</taxon>
		<taxon id="OP612679|MPXV|Nigeria|Delta|2019-03-14">
			<date value="2019.1972602739727" direction="forwards" units="years"/>
			<attr name="State">
				delta
			</attr>
			<attr name="Region">
				S
			</attr>
		</taxon>
		<taxon id="OP612680|MPXV|Nigeria|Lagos|2019-04-01">
			<date value="2019.2465753424658" direction="forwards" units="years"/>
			<attr name="State">
				lagos
			</attr>
			<attr name="Region">
				SW
			</attr>
		</taxon>
		<taxon id="OP612681|MPXV|Nigeria|Bayelsa|2019-04-20">
			<date value="2019.2986301369863" direction="forwards" units="years"/>
			<attr name="State">
				bayelsa
			</attr>
			<attr name="Region">
				S
			</attr>
		</taxon>
		<taxon id="OP612682|MPXV|Nigeria|Bayelsa|2019-04-20">
			<date value="2019.2986301369863" direction="forwards" units="years"/>
			<attr name="State">
				bayelsa
			</attr>
			<attr name="Region">
				S
			</attr>
		</taxon>
		<taxon id="OP612683|MPXV|Nigeria|Delta|2019-04-18">
			<date value="2019.2931506849316" direction="forwards" units="years"/>
			<attr name="State">
				delta
			</attr>
			<attr name="Region">
				S
			</attr>
		</taxon>
		<taxon id="OP612684|MPXV|Nigeria|Lagos|2019-05-10">
			<date value="2019.3534246575343" direction="forwards" units="years"/>
			<attr name="State">
				lagos
			</attr>
			<attr name="Region">
				SW
			</attr>
		</taxon>
		<taxon id="OP612685|MPXV|Nigeria|Delta|2019-05-29">
			<date value="2019.4054794520548" direction="forwards" units="years"/>
			<attr name="State">
				delta
			</attr>
			<attr name="Region">
				S
			</attr>
		</taxon>
		<taxon id="OP612686|MPXV|Nigeria|Delta|2019-06-26">
			<date value="2019.482191780822" direction="forwards" units="years"/>
			<attr name="State">
				delta
			</attr>
			<attr name="Region">
				S
			</attr>
		</taxon>
		<taxon id="OP612687|MPXV|Nigeria|Enugu|2019-07-11">
			<date value="2019.5232876712328" direction="forwards" units="years"/>
			<attr name="State">
				enugu
			</attr>
			<attr name="Region">
				SE
			</attr>
		</taxon>
		<taxon id="OP612688|MPXV|Nigeria|Oyo|2019-10-07">
			<date value="2019.7643835616439" direction="forwards" units="years"/>
			<attr name="State">
				oyo
			</attr>
			<attr name="Region">
				SW
			</attr>
		</taxon>
		<taxon id="OP612689|MPXV|Nigeria|Rivers|2019-12-17">
			<date value="2019.958904109589" direction="forwards" units="years"/>
			<attr name="State">
				rivers
			</attr>
			<attr name="Region">
				S
			</attr>
		</taxon>
		<taxon id="OP612690|MPXV|Nigeria|Imo|2019-12-17">
			<date value="2019.958904109589" direction="forwards" units="years"/>
			<attr name="State">
				imo
			</attr>
			<attr name="Region">
				SE
			</attr>
		</taxon>
		<taxon id="OP612691|MPXV|Nigeria|unknown|2020-01-23">
			<date value="2020.0601092896175" direction="forwards" units="years"/>
			<attr name="State">
				rivers
			</attr>
			<attr name="Region">
				S
			</attr>
		</taxon>
		<taxon id="OR113690|MUW1607960|Austria|ex|Nigeria|2023-04-05">
			<date value="2023.2575342465752" direction="forwards" units="years"/>
			<attr name="State">
				lagos
			</attr>
			<attr name="Region">
				SW
			</attr>
		</taxon>
		<taxon id="EPIISL-13953610|MPXV|India|India-ex-UAE|2022-07-13">
			<date value="2022.5287671232877" direction="forwards" units="years"/>
			<attr name="State">
				anambra
			</attr>
			<attr name="Region">
				SE
			</attr>
		</taxon>
		<taxon id="EPIISL-13983888|MPXV|Thailand|Thailand-ex|2022-07-17">
			<date value="2022.5397260273974" direction="forwards" units="years"/>
			<attr name="State">
				lagos
			</attr>
			<attr name="Region">
				SW
			</attr>
		</taxon>
		<taxon id="EPIISL-15008577|DLICMR846146602|India-ex|Nigeria|2022-08-11">
			<date value="2022.6082191780822" direction="forwards" units="years"/>
			<attr name="State">
				fct
			</attr>
			<attr name="Region">
				NC
			</attr>
		</taxon>
		<taxon id="unpub|MPXV|TRM076|Nigeria|Rivers|2022-09-27">
			<date value="2022.7369863013698" direction="forwards" units="years"/>
			<attr name="State">
				rivers
			</attr>
			<attr name="Region">
				S
			</attr>
		</taxon>
		<taxon id="unpub|MPXV|TRM077|Nigeria|Anambra|2022-09-27">
			<date value="2022.7369863013698" direction="forwards" units="years"/>
			<attr name="State">
				anambra
			</attr>
			<attr name="Region">
				SE
			</attr>
		</taxon>
		<taxon id="unpub|MPXV|TRM078|Nigeria|Abia|2022-09-19">
			<date value="2022.7150684931507" direction="forwards" units="years"/>
			<attr name="State">
				abia
			</attr>
			<attr name="Region">
				SE
			</attr>
		</taxon>
		<taxon id="unpub|MPXV|TRM081|Nigeria|Bayelsa|2022-10-21">
			<date value="2022.8027397260273" direction="forwards" units="years"/>
			<attr name="State">
				bayelsa
			</attr>
			<attr name="Region">
				S
			</attr>
		</taxon>
		<taxon id="unpub|MPXV|TRM082|Nigeria|Nasarawa|2022-11-01">
			<date value="2022.8328767123287" direction="forwards" units="years"/>
			<attr name="State">
				nasarawa
			</attr>
			<attr name="Region">
				NC
			</attr>
		</taxon>
		<taxon id="unpub|MPXV|TRM275|Nigeria|Kwara|2022-09-15">
			<date value="2022.704109589041" direction="forwards" units="years"/>
			<attr name="State">
				kwara
			</attr>
			<attr name="Region">
				NC
			</attr>
		</taxon>
		<taxon id="unpub|MPXV|TRM276|Nigeria|Anambra|2022-09-22">
			<date value="2022.7232876712328" direction="forwards" units="years"/>
			<attr name="State">
				anambra
			</attr>
			<attr name="Region">
				SE
			</attr>
		</taxon>
		<taxon id="unpub|MPXV|TRM277|Nigeria|FCT|2022-09-30">
			<date value="2022.7452054794521" direction="forwards" units="years"/>
			<attr name="State">
				fct
			</attr>
			<attr name="Region">
				NC
			</attr>
		</taxon>
		<taxon id="unpub|MPXV|TRM278|Nigeria|Imo|2022-09-20">
			<date value="2022.717808219178" direction="forwards" units="years"/>
			<attr name="State">
				imo
			</attr>
			<attr name="Region">
				SE
			</attr>
		</taxon>
		<taxon id="unpub|MPXV|TRM279|Nigeria|Abia|2022-09-26">
			<date value="2022.7342465753425" direction="forwards" units="years"/>
			<attr name="State">
				abia
			</attr>
			<attr name="Region">
				SE
			</attr>
		</taxon>
		<taxon id="unpub|MPXV|TRM280|Nigeria|Enugu|2022-10-05">
			<date value="2022.7589041095891" direction="forwards" units="years"/>
			<attr name="State">
				enugu
			</attr>
			<attr name="Region">
				SE
			</attr>
		</taxon>
		<taxon id="unpub|MPXV|TRM281|Nigeria|Imo|2022-10-11">
			<date value="2022.7753424657535" direction="forwards" units="years"/>
			<attr name="State">
				imo
			</attr>
			<attr name="Region">
				SE
			</attr>
		</taxon>
		<taxon id="unpub|MPXV|TRM283|Nigeria|Ebonyi|2022">
			<date value="2022.0" direction="forwards" units="years" uncertainty="1.0"/>
			<attr name="State">
				ebonyi
			</attr>
			<attr name="Region">
				SE
			</attr>
		</taxon>
		<taxon id="unpub|MPXV|TRM284|Nigeria|Kaduna|2022-10-30">
			<date value="2022.827397260274" direction="forwards" units="years"/>
			<attr name="State">
				kaduna
			</attr>
			<attr name="Region">
				NW
			</attr>
		</taxon>
		<taxon id="unpub|MPXV|TRM285|Nigeria|Lagos|2022-09-16">
			<date value="2022.7068493150684" direction="forwards" units="years"/>
			<attr name="State">
				lagos
			</attr>
			<attr name="Region">
				SW
			</attr>
		</taxon>
		<taxon id="unpub|MPXV|TRM286|Nigeria|Anambra|2022-09-12">
			<date value="2022.695890410959" direction="forwards" units="years"/>
			<attr name="State">
				anambra
			</attr>
			<attr name="Region">
				SE
			</attr>
		</taxon>
		<taxon id="unpub|MPXV|TRM289|Nigeria|Abia|2022-09-25">
			<date value="2022.731506849315" direction="forwards" units="years"/>
			<attr name="State">
				abia
			</attr>
			<attr name="Region">
				SE
			</attr>
		</taxon>
		<taxon id="unpub|MPXV|TRM291|Nigeria|Bayelsa|2022-10-07">
			<date value="2022.7643835616439" direction="forwards" units="years"/>
			<attr name="State">
				bayelsa
			</attr>
			<attr name="Region">
				S
			</attr>
		</taxon>
		<taxon id="unpub|MPXV|TRM293|Nigeria|Ebonyi|2022">
			<date value="2022.0" direction="forwards" units="years" uncertainty="1.0"/>
			<attr name="State">
				ebonyi
			</attr>
			<attr name="Region">
				SE
			</attr>
		</taxon>
		<taxon id="unpub|MPXV|TRM294|Nigeria|Edo|2022-11-01">
			<date value="2022.8328767123287" direction="forwards" units="years"/>
			<attr name="State">
				edo
			</attr>
			<attr name="Region">
				S
			</attr>
		</taxon>
		<taxon id="unpub|MPXV|TRM295|Nigeria|Lagos|2022-09-18">
			<date value="2022.7123287671234" direction="forwards" units="years"/>
			<attr name="State">
				lagos
			</attr>
			<attr name="Region">
				SW
			</attr>
		</taxon>
		<taxon id="unpub|MPXV|TRM296|Nigeria|Delta|2022-08-30">
			<date value="2022.6602739726027" direction="forwards" units="years"/>
			<attr name="State">
				delta
			</attr>
			<attr name="Region">
				S
			</attr>
		</taxon>
		<taxon id="unpub|MPXV|TRM299|Nigeria|Abia|2022-09-26">
			<date value="2022.7342465753425" direction="forwards" units="years"/>
			<attr name="State">
				abia
			</attr>
			<attr name="Region">
				SE
			</attr>
		</taxon>
		<taxon id="unpub|MPXV|TRM301|Nigeria|Bayelsa|2022-09-26">
			<date value="2022.7342465753425" direction="forwards" units="years"/>
			<attr name="State">
				bayelsa
			</attr>
			<attr name="Region">
				S
			</attr>
		</taxon>
		<taxon id="unpub|MPXV|TRM302|Nigeria|Imo|2022-10-14">
			<date value="2022.7835616438356" direction="forwards" units="years"/>
			<attr name="State">
				imo
			</attr>
			<attr name="Region">
				SE
			</attr>
		</taxon>
		<taxon id="unpub|MPXV|TRM303|Nigeria|Imo|2022-10-24">
			<date value="2022.8109589041096" direction="forwards" units="years"/>
			<attr name="State">
				imo
			</attr>
			<attr name="Region">
				SE
			</attr>
		</taxon>
		<taxon id="unpub|MPXV|TRM306|Nigeria|Imo|2022-09-13">
			<date value="2022.6986301369864" direction="forwards" units="years"/>
			<attr name="State">
				imo
			</attr>
			<attr name="Region">
				SE
			</attr>
		</taxon>
		<taxon id="unpub|MPXV|TRM307|Nigeria|FCT|2022-09-26">
			<date value="2022.7342465753425" direction="forwards" units="years"/>
			<attr name="State">
				fct
			</attr>
			<attr name="Region">
				NC
			</attr>
		</taxon>
		<taxon id="unpub|MPXV|TRM308|Nigeria|FCT|2022-10-02">
			<date value="2022.7506849315068" direction="forwards" units="years"/>
			<attr name="State">
				fct
			</attr>
			<attr name="Region">
				NC
			</attr>
		</taxon>
		<taxon id="unpub|MPXV|TRM310|Nigeria|Ogun|2022-09-30">
			<date value="2022.7452054794521" direction="forwards" units="years"/>
			<attr name="State">
				ogun
			</attr>
			<attr name="Region">
				SW
			</attr>
		</taxon>
		<taxon id="unpub|MPXV|TRM311|Nigeria|Edo|2022-10-01">
			<date value="2022.7479452054795" direction="forwards" units="years"/>
			<attr name="State">
				edo
			</attr>
			<attr name="Region">
				S
			</attr>
		</taxon>
		<taxon id="unpub|MPXV|TRM312|Nigeria|Gombe|2022-10-08">
			<date value="2022.7671232876712" direction="forwards" units="years"/>
			<attr name="State">
				gombe
			</attr>
			<attr name="Region">
				NE
			</attr>
		</taxon>
		<taxon id="unpub|MPXV|TRM313|Nigeria|Imo|2022-10-24">
			<date value="2022.8109589041096" direction="forwards" units="years"/>
			<attr name="State">
				imo
			</attr>
			<attr name="Region">
				SE
			</attr>
		</taxon>
		<taxon id="unpub|MPXV|TRM314|Nigeria|Bayelsa|2022-10-27">
			<date value="2022.8191780821917" direction="forwards" units="years"/>
			<attr name="State">
				bayelsa
			</attr>
			<attr name="Region">
				S
			</attr>
		</taxon>
		<taxon id="unpub|MPXV|TRM315|Nigeria|Kogi|2022-09-18">
			<date value="2022.7123287671234" direction="forwards" units="years"/>
			<attr name="State">
				kogi
			</attr>
			<attr name="Region">
				NC
			</attr>
		</taxon>
		<taxon id="unpub|MPXV|TRM316|Nigeria|Bayelsa|2022-09-19">
			<date value="2022.7150684931507" direction="forwards" units="years"/>
			<attr name="State">
				bayelsa
			</attr>
			<attr name="Region">
				S
			</attr>
		</taxon>
		<taxon id="unpub|MPXV|TRM317|Nigeria|Imo|2022-09-17">
			<date value="2022.7095890410958" direction="forwards" units="years"/>
			<attr name="State">
				imo
			</attr>
			<attr name="Region">
				SE
			</attr>
		</taxon>
		<taxon id="unpub|MPXV|TRM318|Nigeria|Lagos|2022-09-22">
			<date value="2022.7232876712328" direction="forwards" units="years"/>
			<attr name="State">
				lagos
			</attr>
			<attr name="Region">
				SW
			</attr>
		</taxon>

		<taxon id="unpub|MPXV|TRM320|Nigeria|Rivers|2022-10-03">
			<date value="2022.7534246575342" direction="forwards" units="years"/>
			<attr name="State">
				rivers
			</attr>
			<attr name="Region">
				S
			</attr>
		</taxon>
		<taxon id="unpub|MPXV|TRM321|Nigeria|Ondo|2022-10-05">
			<date value="2022.7589041095891" direction="forwards" units="years"/>
			<attr name="State">
				ondo
			</attr>
			<attr name="Region">
				SW
			</attr>
		</taxon>
		<taxon id="unpub|MPXV|TRM322|Nigeria|Nasarawa|2022-10-13">
			<date value="2022.7808219178082" direction="forwards" units="years"/>
			<attr name="State">
				nasarawa
			</attr>
			<attr name="Region">
				NC
			</attr>
		</taxon>
		<taxon id="unpub|MPXV|TRM323|Nigeria|Ogun|2022-10-26">
			<date value="2022.8164383561643" direction="forwards" units="years"/>
			<attr name="State">
				ogun
			</attr>
			<attr name="Region">
				SW
			</attr>
		</taxon>
		<taxon id="unpub|MPXV|TRM324|Nigeria|Bayelsa|2022-10-30">
			<date value="2022.827397260274" direction="forwards" units="years"/>
			<attr name="State">
				bayelsa
			</attr>
			<attr name="Region">
				S
			</attr>
		</taxon>
		<taxon id="unpub|MPXV|TRM325|Nigeria|Lagos|2022-09-14">
			<date value="2022.7013698630137" direction="forwards" units="years"/>
			<attr name="State">
				lagos
			</attr>
			<attr name="Region">
				SW
			</attr>
		</taxon>
		<taxon id="unpub|MPXV|TRM326|Nigeria|Rivers|2022-09-27">
			<date value="2022.7369863013698" direction="forwards" units="years"/>
			<attr name="State">
				rivers
			</attr>
			<attr name="Region">
				S
			</attr>
		</taxon>
		<taxon id="unpub|MPXV|TRM327|Nigeria|Delta|2022-09-16">
			<date value="2022.7068493150684" direction="forwards" units="years"/>
			<attr name="State">
				delta
			</attr>
			<attr name="Region">
				S
			</attr>
		</taxon>
		<taxon id="unpub|MPXV|TRM328|Nigeria|Lagos|2022-09-16">
			<date value="2022.7068493150684" direction="forwards" units="years"/>
			<attr name="State">
				lagos
			</attr>
			<attr name="Region">
				SW
			</attr>
		</taxon>
		<taxon id="unpub|MPXV|TRM329|Nigeria|Bayelsa|2022-09-28">
			<date value="2022.7397260273972" direction="forwards" units="years"/>
			<attr name="State">
				bayelsa
			</attr>
			<attr name="Region">
				S
			</attr>
		</taxon>
		<taxon id="unpub|MPXV|TRM330|Nigeria|Ebonyi|2022">
			<date value="2022.0" direction="forwards" units="years" uncertainty="1.0"/>
			<attr name="State">
				ebonyi
			</attr>
			<attr name="Region">
				SE
			</attr>
		</taxon>
		<taxon id="unpub|MPXV|TRM331|Nigeria|Rivers|2022-10-06">
			<date value="2022.7616438356165" direction="forwards" units="years"/>
			<attr name="State">
				rivers
			</attr>
			<attr name="Region">
				S
			</attr>
		</taxon>
		<taxon id="unpub|MPXV|TRM332|Nigeria|Anambra|2022-10-12">
			<date value="2022.7780821917809" direction="forwards" units="years"/>
			<attr name="State">
				anambra
			</attr>
			<attr name="Region">
				SE
			</attr>
		</taxon>
		<taxon id="unpub|MPXV|TRM333|Nigeria|Kaduna|2022-10-24">
			<date value="2022.8109589041096" direction="forwards" units="years"/>
			<attr name="State">
				kaduna
			</attr>
			<attr name="Region">
				NW
			</attr>
		</taxon>
		<taxon id="unpub|MPXV|TRM334|Nigeria|Kano|2022-11-02">
			<date value="2022.835616438356" direction="forwards" units="years"/>
			<attr name="State">
				kano
			</attr>
			<attr name="Region">
				NW
			</attr>
		</taxon>
		<taxon id="unpub|MPXV|TRM335|Nigeria|Lagos|2022-09-12">
			<date value="2022.695890410959" direction="forwards" units="years"/>
			<attr name="State">
				lagos
			</attr>
			<attr name="Region">
				SW
			</attr>
		</taxon>
		<taxon id="unpub|MPXV|TRM336|Nigeria|FCT|2022-09-23">
			<date value="2022.7260273972602" direction="forwards" units="years"/>
			<attr name="State">
				fct
			</attr>
			<attr name="Region">
				NC
			</attr>
		</taxon>
		<taxon id="unpub|MPXV|TRM337|Nigeria|Delta|2022-09-16">
			<date value="2022.7068493150684" direction="forwards" units="years"/>
			<attr name="State">
				delta
			</attr>
			<attr name="Region">
				S
			</attr>
		</taxon>
		<taxon id="unpub|MPXV|TRM338|Nigeria|Lagos|2022-09-23">
			<date value="2022.7260273972602" direction="forwards" units="years"/>
			<attr name="State">
				lagos
			</attr>
			<attr name="Region">
				SW
			</attr>
		</taxon>
		<taxon id="unpub|MPXV|TRM339|Nigeria|Bayelsa|2022-09-28">
			<date value="2022.7397260273972" direction="forwards" units="years"/>
			<attr name="State">
				bayelsa
			</attr>
			<attr name="Region">
				S
			</attr>
		</taxon>
		<taxon id="unpub|MPXV|TRM340|Nigeria|Lagos|2022-09-29">
			<date value="2022.7424657534248" direction="forwards" units="years"/>
			<attr name="State">
				lagos
			</attr>
			<attr name="Region">
				SW
			</attr>
		</taxon>
		<taxon id="unpub|MPXV|TRM341|Nigeria|AkwaIbom|2022-10-05">
			<date value="2022.7589041095891" direction="forwards" units="years"/>
			<attr name="State">
				Akwa-Ibom
			</attr>
			<attr name="Region">
				S
			</attr>
		</taxon>
		<taxon id="unpub|MPXV|TRM342|Nigeria|Anambra|2022-10-14">
			<date value="2022.7835616438356" direction="forwards" units="years"/>
			<attr name="State">
				anambra
			</attr>
			<attr name="Region">
				SE
			</attr>
		</taxon>
		<taxon id="unpub|MPXV|TRM343|Nigeria|Kaduna|2022-10-26">
			<date value="2022.8164383561643" direction="forwards" units="years"/>
			<attr name="State">
				kaduna
			</attr>
			<attr name="Region">
				NW
			</attr>
		</taxon>
		<taxon id="unpub|MPXV|TRM344|Nigeria|Edo|2022-10-26">
			<date value="2022.8164383561643" direction="forwards" units="years"/>
			<attr name="State">
				edo
			</attr>
			<attr name="Region">
				S
			</attr>
		</taxon>
		<taxon id="unpub|MPXV|TRM346|Nigeria|Lagos|2022-09-20">
			<date value="2022.717808219178" direction="forwards" units="years"/>
			<attr name="State">
				lagos
			</attr>
			<attr name="Region">
				SW
			</attr>
		</taxon>
		<taxon id="unpub|MPXV|TRM347|Nigeria|Delta|2022-08-30">
			<date value="2022.6602739726027" direction="forwards" units="years"/>
			<attr name="State">
				delta
			</attr>
			<attr name="Region">
				S
			</attr>
		</taxon>
		<taxon id="unpub|MPXV|TRM349|Nigeria|Anambra|2022-09-27">
			<date value="2022.7369863013698" direction="forwards" units="years"/>
			<attr name="State">
				anambra
			</attr>
			<attr name="Region">
				SE
			</attr>
		</taxon>
		<taxon id="unpub|MPXV|TRM350|Nigeria|Lagos|2022-09-30">
			<date value="2022.7452054794521" direction="forwards" units="years"/>
			<attr name="State">
				lagos
			</attr>
			<attr name="Region">
				SW
			</attr>
		</taxon>
		<taxon id="unpub|MPXV|TRM351|Nigeria|Rivers|2022-10-12">
			<date value="2022.7780821917809" direction="forwards" units="years"/>
			<attr name="State">
				rivers
			</attr>
			<attr name="Region">
				S
			</attr>
		</taxon>
		<taxon id="unpub|MPXV|TRM352|Nigeria|AkwaIbom|2022-10-08">
			<date value="2022.7671232876712" direction="forwards" units="years"/>
			<attr name="State">
				Akwa-Ibom
			</attr>
			<attr name="Region">
				S
			</attr>
		</taxon>
		<taxon id="unpub|MPXV|TRM353|Nigeria|Plateau|2022-10-24">
			<date value="2022.8109589041096" direction="forwards" units="years"/>
			<attr name="State">
				plateau
			</attr>
			<attr name="Region">
				NC
			</attr>
		</taxon>
		<taxon id="unpub|MPXV|TRM354|Nigeria|Imo|2022-10-17">
			<date value="2022.7917808219179" direction="forwards" units="years"/>
			<attr name="State">
				imo
			</attr>
			<attr name="Region">
				SE
			</attr>
		</taxon>
		<taxon id="unpub|MPXV|TRM355|Nigeria|Lagos|2022-09-13">
			<date value="2022.6986301369864" direction="forwards" units="years"/>
			<attr name="State">
				lagos
			</attr>
			<attr name="Region">
				SW
			</attr>
		</taxon>
		<taxon id="unpub|MPXV|TRM357|Nigeria|Plateau|2022-09-12">
			<date value="2022.695890410959" direction="forwards" units="years"/>
			<attr name="State">
				plateau
			</attr>
			<attr name="Region">
				NC
			</attr>
		</taxon>
		<taxon id="unpub|MPXV|TRM358|Nigeria|Lagos|2022-09-23">
			<date value="2022.7260273972602" direction="forwards" units="years"/>
			<attr name="State">
				lagos
			</attr>
			<attr name="Region">
				SW
			</attr>
		</taxon>
		<taxon id="unpub|MPXV|TRM359|Nigeria|Anambra|2022-09-27">
			<date value="2022.7369863013698" direction="forwards" units="years"/>
			<attr name="State">
				anambra
			</attr>
			<attr name="Region">
				SE
			</attr>
		</taxon>
		<taxon id="unpub|MPXV|TRM360|Nigeria|Kaduna|2022-09-17">
			<date value="2022.7095890410958" direction="forwards" units="years"/>
			<attr name="State">
				kaduna
			</attr>
			<attr name="Region">
				NW
			</attr>
		</taxon>
		<taxon id="unpub|MPXV|TRM362|Nigeria|Rivers|2022-10-14">
			<date value="2022.7835616438356" direction="forwards" units="years"/>
			<attr name="State">
				rivers
			</attr>
			<attr name="Region">
				S
			</attr>
		</taxon>
		<taxon id="unpub|MPXV|TRM363|Nigeria|Bayelsa|2022-10-13">
			<date value="2022.7808219178082" direction="forwards" units="years"/>
			<attr name="State">
				bayelsa
			</attr>
			<attr name="Region">
				S
			</attr>
		</taxon>
		<taxon id="unpub|MPXV|TRM365|Nigeria|Ogun|2022-09-14">
			<date value="2022.7013698630137" direction="forwards" units="years"/>
			<attr name="State">
				ogun
			</attr>
			<attr name="Region">
				SW
			</attr>
		</taxon>
		<taxon id="unpub|MPXV|TRM367|Nigeria|Anambra|2022-09-14">
			<date value="2022.7013698630137" direction="forwards" units="years"/>
			<attr name="State">
				anambra
			</attr>
			<attr name="Region">
				SE
			</attr>
		</taxon>
		<taxon id="unpub|MPXV|VSP188|Nigeria|Bayelsa|2022-12-26">
			<date value="2022.9835616438356" direction="forwards" units="years"/>
			<attr name="State">
				bayelsa
			</attr>
			<attr name="Region">
				S
			</attr>
		</taxon>
		<taxon id="unpub|MPXV|VSP190|Nigeria|Abia|2023-01-02">
			<date value="2023.0027397260274" direction="forwards" units="years"/>
			<attr name="State">
				abia
			</attr>
			<attr name="Region">
				SE
			</attr>
		</taxon>
		<taxon id="unpub|MPXV|VSP192|Nigeria|AkwaIbom|2023-01-08">
			<date value="2023.0191780821917" direction="forwards" units="years"/>
			<attr name="State">
				Akwa-Ibom
			</attr>
			<attr name="Region">
				S
			</attr>
		</taxon>
		<taxon id="unpub|MPXV|VSP193|Nigeria|Borno|2023-01-08">
			<date value="2023.0191780821917" direction="forwards" units="years"/>
			<attr name="State">
				borno
			</attr>
			<attr name="Region">
				NE
			</attr>
		</taxon>
		<taxon id="unpub|MPXV|VSP194|Nigeria|Borno|2022-01-01">
			<date value="2022.0" direction="forwards" units="years"/>
			<attr name="State">
				borno
			</attr>
			<attr name="Region">
				NE
			</attr>
		</taxon>
		<taxon id="unpub|MPXV|VSP195|Nigeria|Imo|2022">
			<date value="2022.0" direction="forwards" units="years" uncertainty="1.0"/>
			<attr name="State">
				imo
			</attr>
			<attr name="Region">
				SE
			</attr>
		</taxon>
		<taxon id="unpub|MPXV|VSP196|Nigeria|Abia|2023-01-24">
			<date value="2023.0630136986301" direction="forwards" units="years"/>
			<attr name="State">
				abia
			</attr>
			<attr name="Region">
				SE
			</attr>
		</taxon>
		<taxon id="unpub|MPXV|VSP197|Nigeria|Edo|2022">
			<date value="2022.0" direction="forwards" units="years" uncertainty="1.0"/>
			<attr name="State">
				edo
			</attr>
			<attr name="Region">
				S
			</attr>
		</taxon>
		<taxon id="unpub|MPXV|VSP198|Nigeria|Edo|2022">
			<date value="2022.0" direction="forwards" units="years" uncertainty="1.0"/>
			<attr name="State">
				edo
			</attr>
			<attr name="Region">
				S
			</attr>
		</taxon>
		<taxon id="unpub|MPXV|VSP200|Nigeria|Edo|2022">
			<date value="2022.0" direction="forwards" units="years" uncertainty="1.0"/>
			<attr name="State">
				edo
			</attr>
			<attr name="Region">
				S
			</attr>
		</taxon>
		<taxon id="unpub|MPXV|VSP201|Nigeria|AkwaIbom|2023-02-21">
			<date value="2023.1397260273973" direction="forwards" units="years"/>
			<attr name="State">
				Akwa-Ibom
			</attr>
			<attr name="Region">
				S
			</attr>
		</taxon>
		<taxon id="unpub|MPXV|VSP202|Nigeria|2023-02-21">
			<date value="2023.1397260273973" direction="forwards" units="years"/>
			<attr name="State">
				enugu
			</attr>
			<attr name="Region">
				SE
			</attr>
		</taxon>
		<taxon id="unpub|MPXV|VSP203|Nigeria|CrossRiver|2023-02-20">
			<date value="2023.13698630137" direction="forwards" units="years"/>
			<attr name="State">
				Cross-River
			</attr>
			<attr name="Region">
				S
			</attr>
		</taxon>
		<taxon id="unpub|MPXV|VSP204|Nigeria|Rivers|2023-03-03">
			<date value="2023.1671232876713" direction="forwards" units="years"/>
			<attr name="State">
				rivers
			</attr>
			<attr name="Region">
				S
			</attr>
		</taxon>
		<taxon id="unpub|MPXV|VSP205|Nigeria|Rivers|2023-03-03">
			<date value="2023.1671232876713" direction="forwards" units="years"/>
			<attr name="State">
				rivers
			</attr>
			<attr name="Region">
				S
			</attr>
		</taxon>
		<taxon id="unpub|MPXV|VSP206|Nigeria|Niger|2023-03-15">
			<date value="2023.2" direction="forwards" units="years"/>
			<attr name="State">
				niger
			</attr>
			<attr name="Region">
				NC
			</attr>
		</taxon>
		<taxon id="unpub|MPXV|VSP207|Nigeria|Bayelsa|2023-03-14">
			<date value="2023.1972602739727" direction="forwards" units="years"/>
			<attr name="State">
				bayelsa
			</attr>
			<attr name="Region">
				S
			</attr>
		</taxon>
		<taxon id="unpub|MPXV|VSP208|Nigeria|Rivers|2023-03-15">
			<date value="2023.2" direction="forwards" units="years"/>
			<attr name="State">
				rivers
			</attr>
			<attr name="Region">
				S
			</attr>
		</taxon>
		<taxon id="unpub|MPXV|VSP209|Nigeria|Abia|2023-03-20">
			<date value="2023.213698630137" direction="forwards" units="years"/>
			<attr name="State">
				abia
			</attr>
			<attr name="Region">
				SE
			</attr>
		</taxon>
		<taxon id="unpub|MPXV|VSP210|Nigeria|Enugu|2023-03-21">
			<date value="2023.2164383561644" direction="forwards" units="years"/>
			<attr name="State">
				enugu
			</attr>
			<attr name="Region">
				SE
			</attr>
		</taxon>
		<taxon id="unpub|MPXV|VSP212|Nigeria|Imo|2023-04-17">
			<date value="2023.2904109589042" direction="forwards" units="years"/>
			<attr name="State">
				imo
			</attr>
			<attr name="Region">
				SE
			</attr>
		</taxon>
		<taxon id="unpub|MPXV|VSP213|Nigeria|Rivers|2023-05-16">
			<date value="2023.3698630136987" direction="forwards" units="years"/>
			<attr name="State">
				rivers
			</attr>
			<attr name="Region">
				S
			</attr>
		</taxon>
		<taxon id="unpub|MPXV|VSP214|Nigeria|FCT|2023-05-31">
			<date value="2023.4109589041095" direction="forwards" units="years"/>
			<attr name="State">
				fct
			</attr>
			<attr name="Region">
				NC
			</attr>
		</taxon>
		<taxon id="unpub|MPXV|VSP215|Nigeria|FCT|2023-05-31">
			<date value="2023.4109589041095" direction="forwards" units="years"/>
			<attr name="State">
				fct
			</attr>
			<attr name="Region">
				NC
			</attr>
		</taxon>
		<taxon id="NC063383|MPXV|Nigeria|Rivers|2018-08">
			<date value="2018.5808219178082" direction="forwards" units="years" uncertainty="0.08333333333333333"/>
			<attr name="State">
				rivers
			</attr>
			<attr name="Region">
				S
			</attr>
		</taxon>
		<taxon id="OL504741-2091|MPXV|UK|UK-ex|2019-12-03">
			<date value="2019.9205479452055" direction="forwards" units="years"/>
			<attr name="State">
				delta
			</attr>
			<attr name="Region">
				S
			</attr>
		</taxon>
		<taxon id="MT903345|MPXV|UK-P3|UK|2018-09-22">
			<date value="2018.7232876712328" direction="forwards" units="years"/>
			<attr name="State">
				delta
			</attr>
			<attr name="Region">
				S
			</attr>
		</taxon>
		<taxon id="OP331335-9000155|MPXV|UK|UK-ex|2022-06-03">
			<date value="2022.4191780821918" direction="forwards" units="years"/>
			<attr name="State">
				anambra
			</attr>
			<attr name="Region">
				SE
			</attr>
		</taxon>
	</taxa>
	

	
	<empiricalTreeDistributionModel id="treeModel" fileName="Alles.tree_downsampled.trees">
		<taxa idref="taxa"/>
	</empiricalTreeDistributionModel>
	<statistic id="treeModel.currentTree" name="Current Tree">
		<empiricalTreeDistributionModel idref="treeModel"/>
	</statistic>
	

	<!-- START Discrete Traits Model                                             -->

	<!-- general data type for discrete trait model, 'Region'                    -->
	<generalDataType id="Region.dataType">

		<!-- Number Of States = 9                                                    -->
		<state code="NC"/>
		<state code="NE"/>
		<state code="NW"/>
		<state code="Rest"/>
		<state code="S"/>
		<state code="SE"/>
		<state code="SW"/>
		<state code="nigeria"/>
		<state code="cameroon"/>

	</generalDataType>


	<!-- general data type for discrete trait model, 'State'                     -->
	<generalDataType id="State.dataType">

		<!-- Number Of States = 38                                                   -->
		<state code="abia"/>
		<state code="Akwa-Ibom"/>
		<state code="anambra"/>
		<state code="austria"/>
		<state code="bayelsa"/>
		<state code="benue"/>
		<state code="borno"/>
		<state code="Cross-River"/>
		<state code="cameroon"/>

		<state code="delta"/>
		<state code="ebonyi"/>
		<state code="edo"/>
		<state code="egypt"/>
		<state code="enugu"/>
		<state code="fct"/>
		<state code="gombe"/>
		<state code="imo"/>
		<state code="india"/>
		<state code="israel"/>
		<state code="kaduna"/>
		<state code="kano"/>
		<state code="kogi"/>
		<state code="kwara"/>
		<state code="lagos"/>
		<state code="nasarawa"/>
		<state code="niger"/>
		<state code="nigeria"/>
		<state code="ogun"/>
		<state code="ondo"/>
		<state code="oyo"/>
		<state code="plateau"/>
		<state code="portugal"/>
		<state code="rivers"/>
		<state code="singapore"/>
		<state code="slovenia"/>
		<state code="thailand"/>
		<state code="uk"/>
		<state code="usa"/>
	</generalDataType>


	<!-- Data pattern for discrete trait, 'Region'                               -->
	<attributePatterns id="Region.pattern" attribute="Region">
		<taxa idref="taxa"/>
		<generalDataType idref="Region.dataType"/>
	</attributePatterns>


	<!-- Data pattern for discrete trait, 'State'                                -->
	<attributePatterns id="State.pattern" attribute="State">
		<taxa idref="taxa"/>
		<generalDataType idref="State.dataType"/>
	</attributePatterns>

	<!-- END Discrete Traits Model                                               -->



	<!-- The strict clock (Uniform rates across branches)                        -->
	<strictClockBranchRates id="Region.branchRates">
		<rate>
			<parameter id="Region.clock.rate" value="1.0" lower="0.0"/>
		</rate>
	</strictClockBranchRates>
	
	<rateStatistic id="Region.meanRate" name="Region.meanRate" mode="mean" internal="true" external="true">
		<treeModel idref="treeModel"/>
		<strictClockBranchRates idref="Region.branchRates"/>
	</rateStatistic>
	

	<!-- The strict clock (Uniform rates across branches)                        -->
	<strictClockBranchRates id="State.branchRates">
		<rate>
			<parameter id="State.clock.rate" value="1.0" lower="0.0"/>
		</rate>
	</strictClockBranchRates>
	
	<rateStatistic id="State.meanRate" name="State.meanRate" mode="mean" internal="true" external="true">
		<treeModel idref="treeModel"/>
		<strictClockBranchRates idref="State.branchRates"/>
	</rateStatistic>
	



	<!-- START Discrete Traits Model                                             -->

	<!-- asymmetric CTMC model for discrete state reconstructions                -->
	<generalSubstitutionModel id="Region.model" randomizeIndicator="false">
		<generalDataType idref="Region.dataType"/>
		<frequencies>
			<frequencyModel id="Region.frequencyModel" normalize="true">
				<generalDataType idref="Region.dataType"/>
				<frequencies>
					<parameter id="Region.frequencies" dimension="9"/>
				</frequencies>
			</frequencyModel>
		</frequencies>

		<!-- rates and indicators                                                    -->
		<rates>
			<parameter id="Region.rates" dimension="72" value="1.0" lower="0.0"/>
		</rates>
		<rateIndicator>
			<parameter id="Region.indicators" dimension="72" value="1.0"/>
		</rateIndicator>
	</generalSubstitutionModel>
	<sumStatistic id="Region.nonZeroRates" elementwise="true">
		<parameter idref="Region.indicators"/>
	</sumStatistic>
	<productStatistic id="Region.actualRates" elementwise="false">
		<parameter idref="Region.indicators"/>
		<parameter idref="Region.rates"/>
	</productStatistic>
	<siteModel id="Region.siteModel">
		<substitutionModel>
			<generalSubstitutionModel idref="Region.model"/>
		</substitutionModel>
	</siteModel>

	<!-- asymmetric CTMC model for discrete state reconstructions                -->
	<generalSubstitutionModel id="State.model" randomizeIndicator="false">
		<generalDataType idref="State.dataType"/>
		<frequencies>
			<frequencyModel id="State.frequencyModel" normalize="true">
				<generalDataType idref="State.dataType"/>
				<frequencies>
					<parameter id="State.frequencies" dimension="38"/>
				</frequencies>
			</frequencyModel>
		</frequencies>

		<!-- rates and indicators                                                    -->
		<rates>
			<parameter id="State.rates" dimension="1406" value="1.0" lower="0.0"/>
		</rates>
		<rateIndicator>
			<parameter id="State.indicators" dimension="1406" value="1.0"/>
		</rateIndicator>
	</generalSubstitutionModel>
	<sumStatistic id="State.nonZeroRates" elementwise="true">
		<parameter idref="State.indicators"/>
	</sumStatistic>
	<productStatistic id="State.actualRates" elementwise="false">
		<parameter idref="State.indicators"/>
		<parameter idref="State.rates"/>
	</productStatistic>
	<siteModel id="State.siteModel">
		<substitutionModel>
			<generalSubstitutionModel idref="State.model"/>
		</substitutionModel>
	</siteModel>

	<!-- Likelihood for tree given discrete trait data                           -->
	<markovJumpsTreeLikelihood id="Region.treeLikelihood" stateTagName="Region.states" useUniformization="true" saveCompleteHistory="true" logCompleteHistory="true">
		<attributePatterns idref="Region.pattern"/>
		<treeModel idref="treeModel"/>
		<siteModel idref="Region.siteModel"/>
		<generalSubstitutionModel idref="Region.model"/>
		<generalSubstitutionModel idref="Region.model"/>
		<strictClockBranchRates idref="Region.branchRates"/>

		<!-- The root state frequencies                                              -->
		<frequencyModel id="Region.root.frequencyModel" normalize="true">
			<generalDataType idref="Region.dataType"/>
			<frequencies>
				<parameter id="Region.root.frequencies" dimension="9"/>
			</frequencies>
		</frequencyModel>


		<!-- END Ancestral state reconstruction                                      -->

	</markovJumpsTreeLikelihood>
	<markovJumpsTreeLikelihood id="State.treeLikelihood" stateTagName="State.states" useUniformization="true" saveCompleteHistory="true" logCompleteHistory="true">
		<attributePatterns idref="State.pattern"/>
		<treeModel idref="treeModel"/>
		<siteModel idref="State.siteModel"/>
		<generalSubstitutionModel idref="State.model"/>
		<generalSubstitutionModel idref="State.model"/>
		<strictClockBranchRates idref="State.branchRates"/>

		<!-- The root state frequencies                                              -->
		<frequencyModel id="State.root.frequencyModel" normalize="true">
			<generalDataType idref="State.dataType"/>
			<frequencies>
				<parameter id="State.root.frequencies" dimension="38"/>
			</frequencies>
		</frequencyModel>



		<!-- END Ancestral state reconstruction                                      -->

	</markovJumpsTreeLikelihood>

	<!-- END Discrete Traits Model                                               -->


	<!-- Define operators                                                        -->
	<operators id="operators" optimizationSchedule="log">


		<scaleOperator scaleFactor="0.75" weight="3">
			<parameter idref="Region.clock.rate"/>
		</scaleOperator>


		<scaleOperator scaleFactor="0.75" weight="3">
			<parameter idref="State.clock.rate"/>
		</scaleOperator>



		<scaleOperator scaleFactor="0.75" weight="15" scaleAllIndependently="true">
			<parameter idref="Region.rates"/>
		</scaleOperator>
		<bitFlipOperator weight="7">
			<parameter idref="Region.indicators"/>
		</bitFlipOperator>
		<scaleOperator scaleFactor="0.75" weight="15" scaleAllIndependently="true">
			<parameter idref="State.rates"/>
		</scaleOperator>
		<bitFlipOperator weight="7">
			<parameter idref="State.indicators"/>
		</bitFlipOperator>
		<deltaExchange delta="0.75" weight="1">
			<parameter idref="Region.root.frequencies"/>
		</deltaExchange>
		<deltaExchange delta="0.75" weight="1">
			<parameter idref="State.root.frequencies"/>
		</deltaExchange>
	</operators>
	

	<!-- Define MCMC                                                             -->
	<mcmc id="mcmc" chainLength="100000000" autoOptimize="true" operatorAnalysis="DTA_MJ.ops">
		<joint id="joint">
			<prior id="prior">



				<ctmcScalePrior>
					<ctmcScale>
						<parameter idref="Region.clock.rate"/>
					</ctmcScale>
					<treeModel idref="treeModel"/>
				</ctmcScalePrior>

				<ctmcScalePrior>
					<ctmcScale>
						<parameter idref="State.clock.rate"/>
					</ctmcScale>
					<treeModel idref="treeModel"/>
				</ctmcScalePrior>



				<poissonPrior mean="7.0" offset="0.0">
					<statistic idref="Region.nonZeroRates"/>
				</poissonPrior>

				<uniformPrior lower="0.0" upper="1.0">
					<parameter idref="Region.frequencies"/>
				</uniformPrior>

				<cachedPrior>
					<gammaPrior shape="1.0" scale="1.0" offset="0.0">
						<parameter idref="Region.rates"/>
					</gammaPrior>
					<parameter idref="Region.rates"/>
				</cachedPrior>
				<poissonPrior mean="36.0" offset="0.0">
					<statistic idref="State.nonZeroRates"/>
				</poissonPrior>
				<uniformPrior lower="0.0" upper="1.0">
					<parameter idref="State.frequencies"/>
				</uniformPrior>

				<cachedPrior>
					<gammaPrior shape="1.0" scale="1.0" offset="0.0">
						<parameter idref="State.rates"/>
					</gammaPrior>
					<parameter idref="State.rates"/>
				</cachedPrior>
				<uniformPrior lower="0.0" upper="1.0">
					<parameter idref="Region.root.frequencies"/>
				</uniformPrior>
				<uniformPrior lower="0.0" upper="1.0">
					<parameter idref="State.root.frequencies"/>
				</uniformPrior>
				
				
				<strictClockBranchRates idref="Region.branchRates"/>
				<strictClockBranchRates idref="State.branchRates"/>

				<!-- START Discrete Traits Model                                             -->
				<generalSubstitutionModel idref="Region.model"/>
				<generalSubstitutionModel idref="State.model"/>

				<!-- END Discrete Traits Model                                               -->

			</prior>
			<likelihood id="likelihood">

				<!-- START Discrete Traits Model                                             -->
				<markovJumpsTreeLikelihood idref="Region.treeLikelihood"/>
				<markovJumpsTreeLikelihood idref="State.treeLikelihood"/>

				<!-- END Discrete Traits Model                                               -->

			</likelihood>
		</joint>
		<operators idref="operators"/>

		<!-- write log to screen                                                     -->
		<log id="screenLog" logEvery="1000">
			<column label="Joint" dp="4" width="12">
				<joint idref="joint"/>
			</column>
			<column label="Prior" dp="4" width="12">
				<prior idref="prior"/>
			</column>
			<column label="Likelihood" dp="4" width="12">
				<likelihood idref="likelihood"/>
			</column>


			<column label="Region.clock.rate" sf="6" width="12">
				<parameter idref="Region.clock.rate"/>
			</column>
			<column label="State.clock.rate" sf="6" width="12">
				<parameter idref="State.clock.rate"/>
			</column>

			<!-- START Discrete Traits Model                                             -->
			<column label="Region.nonZeroRates" dp="0" width="6">
				<sumStatistic idref="Region.nonZeroRates"/>
			</column>
			<column label="State.nonZeroRates" dp="0" width="6">
				<sumStatistic idref="State.nonZeroRates"/>
			</column>

			<!-- END Discrete Traits Model                                               -->

		</log>

		<!-- write log to file                                                       -->
		<log id="fileLog" logEvery="10000" fileName="DTA_MJ.log" overwrite="false">
			<joint idref="joint"/>
			<prior idref="prior"/>
			<likelihood idref="likelihood"/>
			<statistic idref="treeModel.currentTree"/>

			<parameter idref="Region.clock.rate"/>
			<parameter idref="State.clock.rate"/>
			<rateStatistic idref="Region.meanRate"/>
			<rateStatistic idref="State.meanRate"/>

			<!-- START Ancestral state reconstruction                                    -->

			<!-- END Ancestral state reconstruction                                      -->


			<!-- START Discrete Traits Model                                             -->
			<parameter idref="Region.rates"/>
			<parameter idref="Region.indicators"/>
			<sumStatistic idref="Region.nonZeroRates"/>
			<parameter idref="State.rates"/>
			<parameter idref="State.indicators"/>
			<sumStatistic idref="State.nonZeroRates"/>

			<!-- END Discrete Traits Model                                               -->

			<strictClockBranchRates idref="Region.branchRates"/>
			<strictClockBranchRates idref="State.branchRates"/>

			<!-- START Discrete Traits Model                                             -->
			<markovJumpsTreeLikelihood idref="Region.treeLikelihood"/>
			<markovJumpsTreeLikelihood idref="State.treeLikelihood"/>

			<!-- END Discrete Traits Model                                               -->

			
		</log>

		<!-- START Discrete Traits Model                                             -->
		<log id="DTA_MJ.RegionrateMatrixLog" logEvery="10000" fileName="DTA_MJ.Region.rates.log">
			<parameter idref="Region.rates"/>
			<parameter idref="Region.indicators"/>
			<sumStatistic idref="Region.nonZeroRates"/>
		</log>
		<log id="DTA_MJ.StaterateMatrixLog" logEvery="10000" fileName="DTA_MJ.State.rates.log">
			<parameter idref="State.rates"/>
			<parameter idref="State.indicators"/>
			<sumStatistic idref="State.nonZeroRates"/>
		</log>

		<!-- END Discrete Traits Model                                               -->


		<!-- write tree log to file                                                  -->
		<logTree id="treeFileLog" logEvery="10000" nexusFormat="true" fileName="DTA_MJ.trees" sortTranslationTable="true">
			<treeModel idref="treeModel"/>




			<trait name="rate" tag="Region.rate">
				<strictClockBranchRates idref="Region.branchRates"/>
			</trait>
			<trait name="rate" tag="State.rate">
				<strictClockBranchRates idref="State.branchRates"/>
			</trait>
			<joint idref="joint"/>

			<!-- START Ancestral state reconstruction                                    -->
			<trait name="Region.states" tag="Region">
				<ancestralTreeLikelihood idref="Region.treeLikelihood"/>
			</trait>


			<trait name="State.states" tag="State">
				<ancestralTreeLikelihood idref="State.treeLikelihood"/>
			</trait>


			<!-- END Ancestral state reconstruction                                      -->

		</logTree>

		<!-- START Ancestral state reconstruction                                    -->

		<!-- Ancestral state reconstruction for: Region                              -->
		<log id="fileLog_Region" logEvery="10000" fileName="DTA_MJ.Region.states.log">
			<ancestralTrait name="Region" traitName="Region.states">
				<treeModel idref="treeModel"/>
				<ancestralTreeLikelihood idref="Region.treeLikelihood"/>
			</ancestralTrait>
		</log>

		<!-- write complete history tree log to file                                 -->
		<logTree logEvery="10000" nexusFormat="true" fileName="DTA_MJ.Region.history.trees" sortTranslationTable="true">
			<treeModel idref="treeModel"/>
			<markovJumpsTreeLikelihood idref="Region.treeLikelihood"/>
		</logTree>

		<!-- Ancestral state reconstruction for: State                               -->
		<log id="fileLog_State" logEvery="10000" fileName="DTA_MJ.State.states.log">
			<ancestralTrait name="State" traitName="State.states">
				<treeModel idref="treeModel"/>
				<ancestralTreeLikelihood idref="State.treeLikelihood"/>
			</ancestralTrait>
		</log>

		<!-- write complete history tree log to file                                 -->
		<logTree logEvery="10000" nexusFormat="true" fileName="DTA_MJ.State.history.trees" sortTranslationTable="true">
			<treeModel idref="treeModel"/>
			<markovJumpsTreeLikelihood idref="State.treeLikelihood"/>
		</logTree>

		<!-- END Ancestral state reconstruction                                      -->

	</mcmc>
	
	<report>
		<property name="timer">
			<mcmc idref="mcmc"/>
		</property>
	</report>
	
</beast>
